deal	ours_ms	dds_ms	ref_ms
1	28.982	28.534	29.294
2	50.081	37.264	51.549
3	234.808	131.389	235.248
4	64.280	44.889	64.828
5	44.423	46.532	43.726
6	44.706	43.650	46.081
7	97.856	101.332	98.916
8	177.645	116.294	168.130
9	24.287	18.552	24.476
10	11.796	11.499	12.186
11	78.714	62.748	74.599
12	196.544	170.355	190.101
13	80.354	79.832	78.893
14	59.120	41.947	57.960
15	32.623	28.300	32.286
16	314.139	242.453	300.701
17	52.982	71.120	46.320
18	46.856	34.467	44.999
19	13.593	9.273	13.244
20	127.820	192.920	122.086
21	93.057	51.564	80.319
22	250.690	168.288	210.878
23	47.577	38.436	45.453
24	134.172	105.695	126.135
25	61.508	78.829	58.005
26	87.530	68.884	86.643
27	114.923	110.805	111.349
28	64.131	131.194	62.822
29	27.934	16.700	30.019
30	82.203	46.261	72.584
31	259.118	279.634	246.717
32	188.100	138.243	171.307
33	92.360	90.517	86.015
34	106.547	79.789	105.252
35	30.428	21.419	31.474
36	5.643	8.027	6.232
37	322.540	293.357	292.767
38	182.654	216.479	163.924
39	32.536	22.966	33.094
40	23.303	30.475	24.185
41	52.020	68.405	51.519
42	82.128	50.147	73.668
43	68.096	76.304	68.311
44	70.932	27.356	62.290
45	88.349	130.208	83.975
46	135.645	188.579	115.446
47	83.998	107.310	80.520
48	39.567	35.259	37.066
49	132.778	99.887	124.857
50	11.024	12.451	11.196
51	73.893	39.155	70.672
52	12.438	17.288	13.127
53	90.736	51.888	83.215
54	216.814	301.594	204.144
55	86.262	101.157	84.716
56	74.475	82.310	65.897
57	156.124	132.649	149.614
58	18.034	23.406	18.143
59	221.260	374.993	195.294
60	151.037	100.561	137.938
61	55.429	31.394	51.316
62	22.100	14.002	22.469
63	297.737	313.223	266.191
64	63.787	31.583	56.629
65	27.950	15.265	26.746
66	137.899	103.567	105.480
67	123.658	161.918	114.086
68	30.909	29.668	30.338
69	92.677	69.804	82.432
70	56.956	66.427	57.482
71	68.597	58.325	66.373
72	176.155	116.463	150.230
73	142.988	155.064	127.513
74	38.979	45.005	37.271
75	50.203	43.022	48.206
76	133.688	148.728	116.641
77	176.034	249.103	172.976
78	34.888	40.878	35.206
79	79.316	55.729	79.644
80	35.676	20.171	34.403
81	43.451	35.706	43.797
82	83.808	64.322	83.851
83	134.979	131.855	128.762
84	104.730	83.090	99.803
85	38.015	32.793	37.409
86	120.073	94.399	111.525
87	8.500	7.567	9.273
88	148.327	124.519	139.204
89	81.477	47.392	73.218
90	36.825	27.769	34.911
91	126.706	97.768	114.385
92	44.101	57.717	42.780
93	79.366	56.198	76.715
94	100.051	139.554	103.004
95	200.033	202.935	178.254
96	126.468	144.699	121.028
97	117.929	65.058	103.395
98	12.030	17.831	12.186
99	74.352	70.750	67.190
100	34.068	39.147	33.005
101	69.505	60.777	66.650
102	138.333	100.814	128.347
103	738.730	473.716	674.056
104	134.887	92.241	117.933
105	193.733	103.934	165.681
106	154.884	188.028	135.832
107	109.591	30.816	103.250
108	234.217	137.416	208.144
109	141.364	95.889	137.609
110	9.505	12.253	9.873
111	434.629	472.050	377.946
112	85.102	46.967	83.563
113	89.868	179.510	83.914
114	40.269	40.386	40.735
115	273.048	309.524	250.505
116	135.161	152.681	123.865
117	102.187	70.372	91.854
118	20.876	16.218	21.666
119	116.016	173.878	109.934
120	124.594	119.155	114.811
121	6.698	7.211	7.389
122	163.410	146.924	153.401
123	87.718	108.633	85.219
124	17.628	33.767	17.357
125	98.856	154.174	95.498
126	356.574	378.534	319.217
127	332.244	224.161	290.521
128	78.082	77.857	74.487
129	92.994	149.389	90.883
130	46.126	39.063	46.383
131	48.184	55.769	49.301
132	280.867	203.852	243.666
133	6.702	7.185	7.585
134	134.372	177.860	124.069
135	48.863	41.107	48.218
136	117.561	62.052	110.470
137	105.020	73.449	95.983
138	63.551	139.890	60.049
139	110.175	140.449	103.099
140	37.749	44.072	36.583
141	135.348	144.545	127.048
142	20.691	18.414	19.281
143	218.214	211.801	192.487
144	33.016	31.518	32.481
145	243.494	241.357	223.753
146	67.228	44.549	64.366
147	69.888	52.046	63.256
148	68.596	54.948	65.212
149	6.975	5.570	7.546
150	37.310	34.605	35.719
151	44.959	19.857	45.238
152	78.078	53.677	78.591
153	99.487	62.699	89.720
154	18.253	20.131	18.920
155	123.666	140.030	129.287
156	93.579	83.486	86.863
157	73.960	48.014	66.725
158	62.278	28.355	60.478
159	82.356	68.816	85.300
160	83.132	88.052	79.365
161	30.729	32.332	30.289
162	30.487	20.589	29.833
163	86.373	83.580	78.253
164	16.540	9.977	17.177
165	53.530	42.299	53.705
166	440.354	292.861	363.863
167	150.886	202.957	141.749
168	67.134	72.952	67.242
169	38.846	43.757	39.285
170	38.419	35.165	37.780
171	33.659	25.715	34.503
172	196.676	251.480	187.820
173	334.819	244.845	308.684
174	32.823	27.345	33.192
175	251.415	227.603	227.371
176	84.939	37.087	82.961
177	124.133	91.494	123.569
178	23.594	26.076	22.243
179	118.911	65.533	110.125
180	94.379	92.876	94.442
181	116.763	118.454	112.869
182	93.059	83.495	87.258
183	245.878	234.838	224.915
184	39.767	26.320	38.858
185	18.192	17.890	19.785
186	153.243	83.254	126.760
187	16.059	14.657	15.843
188	250.312	180.858	220.319
189	91.076	64.765	93.578
190	126.106	175.994	112.622
191	9.213	19.056	10.315
192	24.453	16.173	23.659
193	35.284	18.000	32.820
194	14.177	13.988	15.412
195	51.258	55.348	49.947
196	4.325	7.032	5.299
197	124.441	147.055	118.400
198	68.368	75.443	64.914
199	225.699	181.241	213.068
200	154.891	134.613	141.401
201	163.225	175.744	159.724
202	56.413	39.973	53.422
203	89.945	184.895	82.017
204	143.792	233.207	136.412
205	145.894	119.975	136.845
206	70.043	28.488	65.555
207	150.002	153.537	141.400
208	96.919	81.612	92.086
209	69.845	72.581	69.183
210	13.552	10.552	13.852
211	207.913	149.994	186.569
212	11.433	16.826	11.448
213	21.138	19.904	22.010
214	576.943	711.602	510.337
215	38.417	38.184	33.768
216	64.106	44.467	59.406
217	96.119	44.839	87.892
218	48.083	50.904	47.615
219	274.542	374.047	236.136
220	165.873	53.870	145.701
221	164.935	156.580	148.904
222	120.538	136.080	117.380
223	80.001	45.000	78.017
224	16.657	11.252	16.378
225	49.558	34.910	49.505
226	158.513	114.183	155.362
227	136.508	145.589	123.690
228	280.987	165.879	249.742
229	21.091	15.796	21.055
230	231.446	303.013	222.156
231	129.845	210.200	127.668
232	118.898	128.827	103.558
233	5.022	5.945	5.495
234	19.311	21.943	19.548
235	41.500	36.493	39.601
236	888.331	1442.085	825.412
237	79.946	58.408	75.980
238	1058.016	863.798	912.575
239	66.191	45.779	65.694
240	49.926	31.423	48.840
241	51.241	50.121	49.293
242	101.740	81.492	92.834
243	81.097	47.622	78.598
244	48.227	71.822	48.825
245	88.575	78.367	78.873
246	237.447	334.296	210.700
247	16.496	7.697	17.061
248	132.603	256.614	118.179
249	13.553	11.125	14.171
250	99.160	45.154	89.410
251	56.117	57.256	51.417
252	36.535	17.397	36.740
253	156.274	189.835	135.771
254	124.861	102.270	115.197
255	84.692	40.422	72.824
256	166.606	137.045	146.980
257	85.415	67.076	83.971
258	122.234	112.987	113.334
259	8.502	7.846	9.316
260	60.652	48.160	59.019
261	103.345	41.463	101.542
262	91.285	84.106	81.994
263	99.121	61.748	91.408
264	115.235	81.532	108.640
265	78.698	66.250	78.714
266	66.738	41.728	65.240
267	505.237	544.534	448.048
268	116.134	96.131	112.145
269	34.828	49.955	34.795
270	136.756	128.414	122.291
271	123.023	84.758	119.605
272	217.663	221.840	205.246
273	91.532	133.193	92.112
274	120.652	137.562	108.106
275	392.654	394.760	353.335
276	306.689	257.468	269.200
277	36.657	42.809	38.160
278	20.649	11.390	21.446
279	51.160	69.559	50.627
280	93.695	59.588	90.934
281	121.960	75.704	111.185
282	57.149	42.761	56.019
283	110.438	113.495	106.829
284	127.216	136.111	118.140
285	22.245	25.496	21.382
286	47.081	36.328	48.330
287	771.842	1075.267	715.877
288	59.040	73.362	57.094
289	44.515	25.737	43.588
290	239.395	284.640	215.049
291	484.867	703.273	429.356
292	228.831	245.547	193.920
293	33.004	40.443	32.425
294	376.889	256.998	316.438
295	26.449	38.560	27.163
296	11.014	8.710	11.579
297	10.357	9.704	10.745
298	93.183	51.018	83.301
299	60.537	67.659	57.851
300	35.563	37.054	33.412
301	34.315	37.471	35.591
302	11.280	5.332	11.343
303	32.031	25.685	31.628
304	35.822	25.993	35.043
305	77.598	75.780	78.244
306	123.050	141.805	116.398
307	4.908	2.986	5.227
308	130.813	140.585	128.931
309	50.236	48.009	49.679
310	28.556	27.712	27.834
311	67.256	52.380	62.536
312	65.374	81.591	64.230
313	381.923	301.305	354.871
314	24.476	23.308	24.620
315	52.801	49.914	53.748
316	31.471	23.914	30.264
317	33.875	33.850	33.288
318	89.064	25.954	80.664
319	201.467	203.358	189.726
320	55.284	50.311	52.700
321	47.720	39.675	46.639
322	87.240	69.614	80.154
323	138.108	85.078	137.735
324	70.726	78.492	70.329
325	136.393	128.234	128.255
326	50.260	54.356	46.634
327	78.187	86.112	77.504
328	80.988	135.468	79.803
329	41.531	40.908	41.508
330	53.032	36.172	51.261
331	216.926	124.626	193.438
332	24.649	31.077	24.825
333	29.183	19.184	29.113
334	48.960	71.536	48.054
335	53.814	45.970	53.455
336	231.286	169.915	225.856
337	118.263	82.716	107.698
338	110.294	90.446	106.839
339	28.520	16.449	27.124
340	215.995	220.689	195.283
341	47.198	67.686	45.855
342	54.340	64.191	53.143
343	202.545	226.084	192.149
344	17.385	6.265	16.854
345	47.738	26.909	46.210
346	47.862	39.820	46.941
347	73.287	40.724	64.003
348	183.998	156.661	163.435
349	180.532	199.531	160.908
350	14.579	12.368	14.450
351	144.111	138.926	132.862
352	55.457	31.666	51.675
353	7.427	6.304	7.925
354	60.152	40.054	55.044
355	332.660	395.418	303.939
356	20.632	16.124	19.185
357	201.721	93.774	178.021
358	264.065	337.889	229.687
359	46.804	50.868	42.518
360	44.724	31.325	43.119
361	223.709	142.136	207.117
362	196.426	115.794	155.923
363	11.149	11.405	11.856
364	37.391	43.850	37.712
365	106.360	125.012	98.150
366	187.113	166.999	166.269
367	71.474	50.423	64.381
368	25.252	30.999	25.459
369	75.889	115.957	75.472
370	81.955	84.247	79.058
371	152.772	155.991	140.103
372	496.839	378.148	431.367
373	172.960	105.885	144.645
374	210.074	95.434	186.979
375	32.372	33.636	31.815
376	137.751	75.833	124.852
377	53.462	64.213	52.295
378	86.332	108.138	80.734
379	27.472	18.816	27.141
380	109.425	108.331	104.907
381	64.512	42.857	60.935
382	120.954	68.397	106.093
383	20.678	20.604	19.945
384	112.676	132.936	109.586
385	143.119	88.170	112.021
386	120.089	74.032	115.339
387	35.447	31.066	34.242
388	99.513	122.006	91.104
389	78.829	78.533	77.185
390	298.180	196.577	270.041
391	116.555	68.854	109.269
392	30.140	33.761	30.511
393	187.070	231.792	161.674
394	59.160	44.892	55.855
395	15.463	15.492	16.064
396	31.539	28.823	28.039
397	38.057	32.464	37.139
398	228.721	166.406	211.007
399	154.238	121.926	137.905
400	239.116	215.581	204.026
401	123.373	136.231	114.098
402	102.421	73.912	94.210
403	169.907	118.165	160.410
404	119.392	114.157	117.607
405	105.926	70.386	96.508
406	141.274	155.004	134.895
407	187.259	133.624	158.547
408	22.686	21.644	22.274
409	24.019	26.427	23.450
410	47.065	45.531	47.173
411	146.287	196.165	139.825
412	10.593	3.449	11.006
413	24.666	16.762	23.540
414	3.653	6.181	3.925
415	60.866	46.307	55.106
416	7.683	21.304	8.247
417	345.232	516.301	303.884
418	634.546	870.583	569.574
419	235.798	247.728	210.393
420	31.380	18.744	29.516
421	90.507	124.489	87.563
422	57.988	83.246	55.227
423	50.863	66.620	51.594
424	16.102	9.390	16.946
425	9.256	4.948	9.972
426	179.230	189.833	168.492
427	92.694	76.642	82.598
428	58.385	30.615	59.807
429	27.982	22.359	27.625
430	26.636	22.592	26.801
431	137.136	114.713	134.810
432	43.410	41.601	42.775
433	41.426	42.722	40.222
434	21.692	20.747	22.138
435	56.905	68.706	54.444
436	14.616	18.305	15.010
437	47.148	27.114	46.424
438	49.782	44.573	49.745
439	144.244	115.508	136.045
440	61.588	87.788	58.436
441	129.531	112.087	104.585
442	35.704	28.677	36.069
443	232.380	179.470	196.366
444	58.393	53.748	52.938
445	288.643	306.585	267.562
446	581.378	759.578	485.480
447	304.901	410.459	288.530
448	234.922	304.531	203.500
449	92.005	100.120	86.710
450	18.957	6.354	19.018
451	143.959	163.087	141.449
452	31.064	18.320	30.665
453	61.077	53.034	61.777
454	144.661	195.860	133.201
455	152.186	114.681	135.580
456	158.597	89.836	141.260
457	166.779	102.145	156.400
458	61.562	47.318	61.094
459	303.937	129.538	252.885
460	23.895	22.437	24.844
461	77.276	58.440	70.897
462	188.320	123.390	171.129
463	86.739	46.062	85.212
464	585.771	378.677	496.385
465	54.408	35.427	52.316
466	139.193	166.170	129.089
467	21.077	38.675	20.776
468	482.630	230.422	369.545
469	11.517	13.817	12.262
470	172.845	112.881	151.882
471	23.968	51.622	24.127
472	108.267	206.721	104.630
473	148.840	139.062	130.394
474	346.075	184.507	316.488
475	56.397	87.372	56.552
476	116.868	129.413	111.394
477	114.405	29.418	102.790
478	74.777	46.145	70.653
479	34.590	30.603	34.060
480	118.883	111.029	108.863
481	19.414	13.082	18.867
482	142.763	79.996	125.310
483	189.846	149.136	167.072
484	211.173	367.947	184.142
485	74.576	80.275	68.318
486	9.709	20.448	10.740
487	108.102	61.797	102.579
488	13.602	9.743	14.588
489	60.551	63.954	57.985
490	57.848	59.583	57.307
491	296.177	379.941	264.765
492	45.713	42.581	46.998
493	21.300	15.827	21.764
494	128.170	119.993	119.282
495	240.731	199.383	216.919
496	9.184	7.786	9.738
497	159.702	186.281	146.846
498	27.980	27.918	28.116
499	18.292	10.310	18.584
500	41.901	64.743	40.912
501	471.213	754.441	411.252
502	143.863	124.870	130.010
503	104.799	108.573	102.653
504	62.385	57.202	62.058
505	8.305	7.613	8.579
506	186.079	184.840	175.313
507	119.196	65.188	100.792
508	24.971	30.874	25.699
509	180.148	188.020	162.811
510	138.876	90.087	127.617
511	15.063	9.358	14.991
512	39.047	76.199	38.943
513	170.489	174.644	159.952
514	156.988	104.541	146.188
515	43.486	18.884	46.750
516	80.934	52.358	79.668
517	131.707	174.248	128.311
518	58.208	60.999	57.288
519	80.727	51.264	75.298
520	111.183	167.087	105.980
521	104.685	34.517	103.251
522	232.925	179.934	224.310
523	175.859	167.820	157.394
524	8.094	7.451	8.406
525	367.763	196.371	327.214
526	94.478	85.442	85.938
527	23.495	10.436	22.785
528	83.363	49.719	79.258
529	42.032	46.776	37.806
530	120.504	108.593	109.967
531	36.277	32.135	37.030
532	118.134	72.853	103.016
533	83.876	65.969	78.938
534	64.361	57.639	60.402
535	175.906	139.188	160.248
536	66.750	50.858	63.955
537	99.330	66.245	95.877
538	141.110	210.864	133.391
539	120.521	141.758	104.191
540	77.376	46.368	68.497
541	82.834	101.637	76.495
542	106.172	54.485	103.435
543	131.338	115.090	121.379
544	23.940	22.658	24.343
545	39.115	46.507	38.999
546	5.167	2.009	5.320
547	67.836	52.835	61.365
548	94.573	40.693	89.922
549	12.057	11.232	12.268
550	121.984	91.803	113.737
551	101.856	70.253	99.567
552	113.193	74.484	107.579
553	92.902	95.582	91.129
554	97.886	104.089	93.011
555	39.770	45.502	40.049
556	122.426	77.808	118.209
557	51.136	70.789	49.769
558	443.014	502.725	351.713
559	138.082	83.480	125.456
560	243.427	108.372	228.501
561	338.734	299.530	297.239
562	197.594	147.457	188.697
563	324.420	355.414	281.369
564	122.014	116.090	111.851
565	194.883	144.214	176.318
566	47.699	82.109	48.257
567	99.982	143.358	93.684
568	86.610	61.745	87.134
569	557.801	576.954	506.834
570	31.458	24.201	32.300
571	72.095	69.745	75.335
572	168.737	168.056	157.132
573	60.717	48.411	58.425
574	34.417	32.058	31.908
575	126.095	141.760	114.026
576	75.533	85.595	64.841
577	63.964	73.337	59.693
578	38.272	24.280	36.734
579	71.344	43.401	66.649
580	317.379	249.804	266.951
581	208.610	90.784	191.726
582	350.416	254.780	300.468
583	158.815	197.693	147.161
584	25.252	31.651	26.333
585	14.285	12.362	14.857
586	206.814	176.772	185.973
587	52.935	58.534	51.569
588	162.438	167.223	147.350
589	85.555	42.246	80.819
590	69.357	59.530	69.090
591	23.061	20.953	24.423
592	132.139	134.593	125.430
593	120.718	121.299	119.060
594	40.080	37.491	42.362
595	66.237	60.890	68.178
596	93.396	64.207	95.878
597	22.678	28.093	23.879
598	214.578	215.449	209.521
599	205.177	271.785	194.484
600	431.289	413.250	406.722
601	100.486	62.792	90.860
602	15.683	24.381	15.980
603	115.054	146.310	102.844
604	83.964	64.300	78.149
605	23.050	19.081	22.489
606	22.702	23.302	22.353
607	19.738	12.701	20.197
608	145.775	99.852	130.057
609	124.569	104.321	115.952
610	31.515	25.110	30.669
611	44.825	40.418	45.412
612	37.453	24.775	34.968
613	637.591	502.482	549.308
614	30.971	30.013	30.348
615	6.954	10.444	7.187
616	299.104	125.849	254.212
617	42.501	31.951	42.121
618	171.944	87.326	140.243
619	26.912	28.534	25.976
620	8.086	6.005	8.030
621	61.032	47.827	55.083
622	78.322	54.635	70.910
623	18.443	29.639	17.996
624	35.699	21.167	34.243
625	18.897	18.942	20.529
626	29.581	17.506	28.189
627	69.537	105.838	67.879
628	520.328	766.544	436.384
629	48.033	39.148	45.808
630	71.278	30.672	67.956
631	29.535	28.387	29.183
632	62.927	88.521	62.746
633	59.935	62.290	55.708
634	394.581	183.636	343.760
635	108.210	138.858	105.900
636	29.125	35.180	28.330
637	53.523	71.705	52.906
638	58.959	58.036	57.701
639	20.165	32.103	20.730
640	80.319	72.478	78.648
641	179.574	231.300	172.956
642	68.308	113.168	68.888
643	52.414	58.282	53.938
644	43.027	34.913	41.518
645	78.706	76.968	78.277
646	42.195	15.640	39.031
647	130.370	81.852	112.737
648	116.548	88.582	109.343
649	203.012	121.488	188.448
650	72.543	45.626	66.938
651	81.649	70.984	77.629
652	168.949	67.983	149.302
653	87.450	84.238	74.722
654	17.871	20.514	17.979
655	52.899	44.815	50.387
656	58.101	65.819	57.223
657	164.435	135.924	155.174
658	33.233	24.241	32.838
659	76.311	80.919	73.925
660	89.710	67.242	84.064
661	34.834	27.718	33.955
662	126.636	59.623	114.493
663	134.017	63.663	110.385
664	69.976	102.615	69.201
665	170.220	88.289	161.287
666	31.253	33.644	30.727
667	63.907	26.512	62.974
668	127.501	163.016	124.050
669	21.733	22.135	22.486
670	167.060	65.204	131.847
671	105.725	124.087	94.747
672	81.071	115.940	76.666
673	278.316	306.889	253.810
674	215.008	137.630	203.277
675	76.626	86.731	75.935
676	28.109	16.992	26.770
677	1278.081	2006.632	1006.908
678	62.002	38.165	61.243
679	59.182	72.397	52.627
680	113.770	88.369	106.047
681	594.352	260.693	509.610
682	185.664	156.220	161.498
683	164.826	197.423	157.682
684	49.298	48.919	49.989
685	86.276	53.721	80.156
686	114.881	107.637	105.582
687	160.850	157.169	147.669
688	55.517	81.250	51.017
689	147.335	95.786	130.262
690	47.927	51.286	46.511
691	65.909	44.705	64.737
692	59.357	32.965	61.830
693	38.984	13.611	40.951
694	60.366	67.080	58.039
695	321.246	263.781	289.888
696	7.792	13.695	8.256
697	53.869	60.674	51.537
698	47.336	38.800	46.648
699	72.527	50.701	65.642
700	53.881	52.315	53.716
701	373.147	284.056	341.328
702	151.455	202.168	145.639
703	73.783	89.676	70.263
704	332.115	399.208	289.488
705	16.994	9.090	16.060
706	33.805	32.920	32.943
707	116.154	50.223	111.306
708	72.272	48.306	60.054
709	26.717	13.927	26.524
710	63.492	71.905	61.793
711	102.431	73.731	98.765
712	92.331	120.486	85.247
713	45.210	19.867	41.318
714	27.209	27.265	27.597
715	39.643	29.270	39.678
716	108.353	123.406	102.837
717	238.669	182.149	227.404
718	45.131	37.527	44.948
719	88.434	70.661	81.748
720	168.246	109.071	156.756
721	44.418	34.492	43.763
722	71.072	84.560	68.015
723	52.241	66.363	50.443
724	39.523	26.849	38.858
725	50.121	41.138	44.906
726	88.406	56.258	86.904
727	53.775	93.314	51.071
728	337.068	292.881	305.113
729	65.290	28.046	60.965
730	55.326	55.160	53.428
731	14.277	14.311	14.809
732	54.553	45.429	56.020
733	28.405	22.710	27.713
734	195.356	158.850	179.343
735	130.498	130.336	121.278
736	104.382	134.894	104.879
737	14.382	19.177	15.277
738	154.652	124.751	133.363
739	27.149	40.124	27.528
740	153.980	106.310	141.342
741	107.446	88.481	98.316
742	154.676	166.577	143.804
743	154.468	213.234	134.845
744	60.873	52.665	59.809
745	72.341	49.064	70.634
746	132.693	75.217	126.130
747	112.569	84.810	106.333
748	148.452	107.667	133.470
749	64.924	77.154	61.110
750	22.437	16.960	23.092
751	9.513	6.657	9.576
752	34.659	26.089	33.959
753	36.192	32.159	35.293
754	64.838	45.924	65.432
755	110.625	135.806	104.763
756	13.311	9.112	13.624
757	26.727	35.268	25.705
758	14.811	14.438	15.746
759	33.781	41.575	33.319
760	134.590	73.345	129.655
761	121.360	87.128	113.890
762	18.520	24.580	18.685
763	9.285	10.876	10.102
764	86.170	134.074	83.001
765	195.737	89.969	183.369
766	54.652	22.229	50.660
767	58.044	47.940	55.299
768	37.513	31.710	34.948
769	161.174	152.867	147.804
770	56.550	52.541	52.918
771	35.147	40.794	33.184
772	17.525	12.744	19.012
773	125.844	116.516	118.264
774	176.393	170.812	162.401
775	295.020	269.545	269.635
776	118.749	128.854	111.540
777	53.280	36.824	51.661
778	73.454	46.707	70.042
779	40.197	37.541	41.249
780	109.868	118.302	101.541
781	163.311	110.144	145.852
782	63.840	50.806	60.744
783	274.982	176.877	260.795
784	77.419	74.853	76.032
785	43.520	57.927	41.721
786	28.552	22.702	28.797
787	36.655	49.367	35.093
788	18.173	22.858	18.596
789	137.837	118.995	126.515
790	27.313	15.884	26.224
791	35.388	27.731	34.668
792	227.596	150.248	177.771
793	75.036	81.910	70.411
794	392.146	376.910	346.269
795	52.391	57.633	51.058
796	40.738	20.645	39.950
797	38.483	39.693	36.889
798	73.686	138.452	65.341
799	66.244	45.931	64.140
800	202.400	234.775	183.251
801	41.636	38.777	39.997
802	363.911	218.609	347.412
803	322.389	184.238	299.595
804	33.110	37.386	31.979
805	40.364	14.884	37.734
806	3.570	5.009	3.861
807	80.389	84.111	79.481
808	93.263	83.286	94.357
809	90.394	121.386	87.735
810	18.859	26.189	19.019
811	124.255	116.576	113.139
812	51.845	49.330	49.840
813	101.326	117.500	101.094
814	49.370	54.888	47.952
815	91.922	76.156	83.100
816	91.598	48.923	86.414
817	52.554	36.788	50.397
818	34.224	32.374	31.683
819	70.159	65.367	67.610
820	127.286	109.076	124.436
821	594.729	676.565	532.122
822	53.434	38.638	51.449
823	26.330	7.849	25.584
824	497.676	415.078	469.807
825	39.360	50.406	37.743
826	23.027	24.664	22.893
827	121.588	98.577	109.666
828	49.261	31.335	48.263
829	51.313	34.445	47.550
830	170.926	150.814	155.113
831	15.072	12.221	15.668
832	97.537	96.269	90.057
833	110.911	82.945	100.108
834	135.179	168.862	124.585
835	52.528	17.598	50.310
836	32.443	31.821	33.595
837	141.814	78.967	131.240
838	41.433	55.061	40.994
839	131.775	96.954	124.697
840	50.953	31.213	51.147
841	68.282	76.298	64.652
842	58.472	40.694	52.442
843	155.071	117.942	139.115
844	26.044	14.611	25.460
845	64.908	62.802	61.018
846	180.591	134.034	159.524
847	100.607	56.917	98.034
848	36.670	15.734	36.242
849	127.865	129.093	118.360
850	23.797	37.543	24.619
851	141.453	92.620	128.453
852	86.074	49.348	84.598
853	32.253	47.315	33.097
854	7.170	9.243	7.800
855	364.912	526.460	316.349
856	49.516	45.838	46.301
857	37.762	24.146	36.006
858	316.739	233.676	278.044
859	33.711	27.093	32.910
860	100.612	77.006	96.773
861	78.115	64.004	73.651
862	37.735	34.879	36.911
863	52.429	32.719	51.798
864	52.842	41.339	49.660
865	20.830	20.456	20.978
866	381.817	277.960	339.689
867	97.246	94.620	95.061
868	317.862	162.904	278.228
869	29.837	19.245	28.278
870	101.532	87.779	95.887
871	88.579	43.198	76.503
872	117.112	125.496	110.975
873	166.954	158.011	156.981
874	24.222	17.439	24.416
875	36.925	42.459	37.371
876	49.173	33.454	45.256
877	166.310	139.790	163.271
878	510.929	159.386	444.817
879	152.575	70.534	135.600
880	141.465	152.432	123.696
881	527.223	317.704	413.462
882	299.157	164.423	253.681
883	227.712	177.882	217.138
884	34.908	33.283	32.511
885	115.026	94.376	107.796
886	119.525	140.550	112.976
887	218.824	215.437	208.210
888	96.394	66.012	84.880
889	28.850	17.171	28.086
890	32.485	24.437	31.412
891	18.946	10.867	18.767
892	14.614	13.007	14.265
893	280.676	167.202	242.165
894	27.536	28.828	27.405
895	216.865	211.459	196.498
896	33.926	28.228	34.005
897	26.720	23.722	27.436
898	151.383	119.018	131.111
899	9.424	11.480	9.722
900	29.308	23.132	27.625
901	21.710	24.556	21.944
902	123.887	153.973	112.803
903	116.733	66.944	106.610
904	183.718	152.265	172.307
905	76.324	51.801	75.635
906	59.652	30.751	55.961
907	141.751	111.954	127.215
908	150.076	160.785	136.710
909	74.829	53.906	66.896
910	40.060	9.744	38.513
911	183.873	179.341	179.470
912	25.868	22.887	27.367
913	332.350	310.412	315.812
914	57.565	56.996	56.981
915	15.912	19.313	15.947
916	609.870	1143.698	557.479
917	17.353	17.224	18.116
918	179.203	283.356	162.932
919	85.196	117.666	78.955
920	110.443	76.995	98.846
921	89.924	70.780	84.937
922	92.499	106.808	88.783
923	136.653	131.330	128.014
924	48.175	24.740	48.070
925	35.982	26.003	35.822
926	31.039	32.243	29.640
927	19.406	12.322	20.311
928	56.526	42.055	52.907
929	163.270	120.150	145.454
930	153.317	303.149	142.215
931	63.242	58.784	60.677
932	41.521	61.216	40.499
933	81.910	81.301	76.045
934	145.891	127.497	131.302
935	13.476	19.009	14.500
936	146.193	141.152	141.908
937	18.311	26.287	18.393
938	87.646	67.731	85.935
939	93.146	62.398	90.069
940	64.590	88.128	61.063
941	95.390	150.534	91.375
942	582.492	392.434	487.967
943	41.584	28.347	39.421
944	112.499	99.454	104.250
945	290.854	242.609	268.297
946	172.861	201.535	161.908
947	46.775	37.965	47.247
948	12.713	7.086	13.392
949	85.631	69.730	84.417
950	144.937	143.314	134.066
951	371.102	444.416	315.586
952	15.074	10.758	15.872
953	92.668	117.577	88.815
954	146.478	138.786	140.401
955	199.336	206.889	183.611
956	152.649	204.325	136.566
957	105.138	85.757	96.835
958	264.038	277.146	239.239
959	40.578	26.398	41.756
960	36.502	36.485	36.608
961	42.519	32.120	41.062
962	47.310	42.947	47.492
963	67.848	74.993	67.347
964	32.300	25.385	29.084
965	161.052	135.149	146.739
966	151.474	139.332	140.112
967	85.755	100.895	82.266
968	191.997	238.006	174.790
969	16.899	10.521	17.143
970	682.722	751.478	625.108
971	156.138	95.940	133.801
972	91.081	61.090	83.383
973	15.235	13.688	16.396
974	15.658	20.195	16.120
975	84.492	88.656	80.822
976	55.108	91.579	53.092
977	128.830	92.432	117.305
978	43.753	24.401	42.935
979	38.345	18.401	37.594
980	54.730	31.466	52.134
981	45.901	39.185	45.615
982	786.523	835.457	698.478
983	154.606	205.931	145.996
984	141.145	154.796	131.575
985	144.666	111.619	138.118
986	67.964	51.975	65.847
987	84.996	50.463	80.445
988	157.925	151.857	147.226
989	76.887	50.661	73.950
990	44.878	33.166	43.160
991	45.616	27.231	45.425
992	42.175	23.303	43.090
993	84.640	43.253	76.147
994	94.381	63.331	90.401
995	8.117	9.360	8.906
996	127.661	88.180	113.273
997	339.634	264.265	316.394
998	27.397	35.177	28.462
999	53.144	43.169	51.244
1000	229.057	225.189	209.048
1001	13.810	12.635	14.420
1002	248.720	185.181	203.738
1003	56.934	150.890	54.388
1004	73.248	26.090	67.836
1005	29.811	18.056	29.750
1006	306.414	254.505	271.366
1007	61.684	56.784	62.802
1008	60.493	35.044	61.972
1009	52.834	43.480	52.458
1010	124.652	110.210	120.528
1011	83.276	52.711	79.203
1012	48.852	38.631	47.519
1013	61.878	33.703	63.801
1014	335.528	206.050	311.555
1015	664.899	463.120	601.178
1016	46.354	54.259	44.755
1017	290.261	189.269	259.040
1018	50.956	60.716	46.207
1019	87.769	83.488	84.247
1020	100.106	61.725	97.523
1021	32.377	43.803	30.876
1022	49.089	34.715	47.615
1023	152.514	99.430	119.044
1024	43.902	37.924	43.229
1025	168.130	276.325	157.309
1026	114.914	178.765	110.762
1027	249.405	194.562	230.955
1028	84.030	81.282	82.455
1029	11.477	11.840	11.762
1030	53.216	73.373	52.312
1031	111.469	73.325	101.691
1032	122.498	44.178	108.467
1033	354.165	315.551	326.161
1034	1479.955	2643.139	1278.643
1035	199.704	267.758	185.575
1036	306.200	299.435	251.857
1037	11.253	11.976	12.183
1038	194.325	172.966	181.239
1039	25.639	16.382	27.160
1040	21.291	13.376	22.876
1041	94.134	240.473	91.350
1042	49.344	37.559	49.088
1043	218.510	546.033	199.239
1044	103.146	63.836	94.069
1045	56.633	63.004	57.951
1046	37.685	17.626	36.454
1047	42.407	30.147	40.354
1048	15.176	10.870	15.855
1049	165.614	185.334	158.056
1050	49.623	32.949	48.590
1051	181.008	137.209	155.776
1052	46.350	52.580	43.527
1053	9.770	14.858	10.128
1054	255.956	188.802	231.012
1055	169.863	100.452	164.988
1056	172.113	106.516	167.919
1057	246.888	204.728	223.490
1058	58.674	86.826	55.637
1059	20.619	16.652	20.818
1060	127.141	148.788	122.889
1061	189.319	193.240	177.035
1062	101.938	100.974	101.462
1063	125.062	103.281	115.374
1064	57.524	61.357	57.605
1065	59.577	58.955	60.744
1066	26.676	27.235	26.100
1067	5.344	14.622	6.188
1068	244.537	237.973	221.610
1069	44.529	42.926	45.329
1070	63.264	27.255	59.274
1071	147.055	129.344	138.310
1072	190.425	251.526	179.722
1073	18.986	20.266	18.535
1074	311.695	195.653	259.495
1075	342.522	294.914	315.755
1076	100.719	47.278	96.466
1077	14.971	35.784	16.141
1078	154.013	62.125	165.580
1079	117.548	85.801	105.319
1080	191.478	254.049	186.206
1081	84.334	88.033	77.366
1082	41.821	19.026	42.461
1083	130.290	237.183	124.473
1084	12.185	16.883	13.108
1085	34.184	27.310	32.882
1086	137.687	211.663	134.352
1087	104.040	65.295	96.023
1088	142.749	68.468	130.160
1089	225.748	253.775	202.861
1090	36.714	54.594	36.460
1091	98.789	89.361	89.447
1092	129.493	135.185	121.243
1093	122.801	144.860	117.619
1094	26.400	23.295	27.095
1095	43.791	46.045	43.514
1096	135.444	196.948	133.970
1097	49.806	38.206	48.108
1098	17.470	14.556	18.241
1099	60.003	52.822	56.281
1100	35.795	29.739	34.377
1101	36.256	41.914	37.223
1102	11.434	10.985	11.331
1103	236.482	311.027	225.762
1104	21.562	18.946	21.448
1105	108.356	86.477	102.617
1106	37.651	48.347	38.783
1107	17.619	27.847	16.951
1108	308.597	353.372	285.062
1109	23.425	18.068	22.624
1110	69.984	32.168	67.775
1111	202.644	143.814	179.854
1112	128.972	64.943	98.855
1113	144.129	114.386	131.289
1114	133.999	149.137	133.141
1115	198.719	133.218	167.826
1116	524.197	444.360	459.609
1117	102.931	78.724	96.916
1118	63.394	63.017	61.210
1119	136.969	79.765	131.159
1120	79.394	79.030	73.575
1121	31.376	33.936	31.769
1122	36.096	34.975	36.018
1123	136.699	67.926	114.801
1124	255.855	223.722	233.012
1125	5.287	6.138	5.625
1126	143.472	56.918	131.177
1127	80.174	107.263	75.989
1128	95.455	73.113	88.425
1129	101.716	200.027	98.402
1130	34.308	7.352	33.583
1131	733.313	512.470	650.987
1132	224.175	280.715	202.366
1133	21.706	18.071	21.496
1134	53.075	39.105	48.596
1135	75.578	78.877	74.209
1136	17.201	17.345	17.671
1137	78.370	46.005	73.092
1138	435.487	438.169	395.201
1139	188.509	105.705	174.947
1140	162.021	140.368	146.804
1141	62.847	53.805	63.992
1142	34.599	37.088	34.175
1143	148.478	82.657	138.851
1144	252.992	237.161	224.094
1145	22.929	26.246	23.330
1146	10.202	6.596	11.241
1147	28.546	33.880	29.093
1148	65.666	49.393	62.800
1149	83.113	31.568	81.286
1150	46.787	17.210	46.959
1151	44.330	60.848	43.593
1152	19.180	27.314	19.343
1153	27.050	24.052	27.374
1154	81.374	60.676	74.783
1155	558.000	703.227	420.719
1156	129.406	60.636	115.684
1157	132.028	248.210	125.680
1158	33.754	33.033	32.883
1159	196.318	112.217	163.008
1160	1304.266	1120.414	1151.290
1161	83.173	76.706	78.958
1162	94.828	53.078	89.410
1163	249.983	108.387	203.163
1164	72.972	67.758	66.943
1165	103.360	98.722	96.101
1166	226.792	137.452	212.164
1167	185.803	93.927	170.795
1168	64.485	52.790	58.498
1169	132.779	167.818	129.695
1170	49.856	45.975	48.176
1171	178.744	201.884	157.298
1172	42.532	28.625	43.244
1173	92.257	53.559	88.823
1174	154.912	68.933	140.159
1175	23.365	21.167	22.752
1176	113.312	61.656	101.601
1177	17.431	12.636	18.900
1178	27.580	23.899	28.632
1179	25.571	21.261	25.771
1180	389.251	318.494	358.610
1181	123.714	108.194	119.539
1182	128.197	48.685	116.553
1183	107.285	132.034	102.247
1184	207.271	249.321	176.281
1185	17.729	13.916	19.396
1186	41.372	31.536	41.414
1187	111.480	90.605	101.968
1188	121.230	53.839	115.287
1189	25.525	37.306	27.649
1190	166.567	126.004	153.726
1191	64.412	61.492	64.270
1192	53.881	36.632	55.878
1193	124.531	149.434	120.882
1194	38.037	48.322	38.645
1195	143.097	174.993	129.520
1196	10.511	15.634	12.078
1197	97.311	107.993	93.453
1198	99.924	176.798	93.099
1199	128.319	147.142	122.567
1200	244.465	208.341	226.379
1201	70.519	52.075	63.068
1202	31.079	16.880	31.623
1203	87.635	76.045	85.730
1204	26.884	24.051	27.020
1205	217.593	230.962	202.653
1206	15.152	12.965	15.517
1207	23.021	25.472	21.774
1208	54.791	39.173	51.641
1209	59.959	77.215	56.771
1210	31.018	38.679	31.104
1211	93.870	75.554	89.756
1212	137.024	149.528	133.180
1213	135.077	127.234	117.991
1214	17.677	17.594	18.062
1215	159.661	170.008	144.990
1216	27.891	36.432	27.173
1217	307.554	279.679	284.871
1218	96.812	39.750	92.717
1219	55.788	84.826	56.318
1220	157.465	160.864	135.732
1221	64.353	44.704	64.252
1222	12.926	32.905	13.735
1223	421.025	342.404	383.634
1224	71.426	69.687	72.650
1225	206.020	197.672	199.390
1226	26.341	17.030	26.600
1227	28.277	20.970	27.638
1228	184.598	215.787	177.677
1229	90.999	79.638	91.728
1230	165.659	88.234	146.439
1231	381.527	285.630	329.460
1232	294.682	285.644	263.130
1233	116.934	83.935	103.858
1234	124.954	130.916	117.886
1235	77.131	89.088	71.976
1236	90.869	39.732	87.264
1237	222.462	185.560	196.921
1238	226.779	139.128	202.270
1239	52.429	57.078	51.078
1240	45.958	32.637	45.611
1241	62.693	30.556	56.138
1242	3.438	2.498	3.799
1243	35.929	41.911	35.899
1244	564.874	427.201	519.342
1245	104.358	97.188	98.024
1246	13.672	13.715	14.353
1247	72.551	51.232	71.331
1248	35.763	23.614	34.100
1249	47.117	37.796	45.726
1250	94.226	86.797	88.827
1251	102.224	56.570	101.443
1252	109.871	61.784	101.708
1253	51.376	36.274	48.579
1254	26.848	34.973	27.294
1255	15.204	11.909	15.236
1256	13.113	12.837	12.486
1257	69.351	60.728	58.543
1258	70.887	58.300	70.984
1259	10.662	10.926	11.126
1260	41.865	28.353	40.234
1261	137.429	183.185	124.486
1262	246.530	268.460	230.099
1263	147.031	208.530	144.618
1264	47.133	45.233	46.481
1265	104.239	49.365	89.233
1266	12.421	14.185	12.650
1267	48.176	33.139	45.205
1268	94.062	131.440	88.124
1269	51.644	60.741	48.836
1270	249.225	256.362	220.774
1271	504.576	557.140	452.984
1272	71.068	59.457	71.438
1273	324.726	316.410	297.776
1274	48.174	41.238	48.533
1275	57.115	125.711	56.879
1276	20.588	37.721	21.639
1277	40.606	30.094	40.384
1278	82.572	84.899	70.487
1279	11.012	17.629	12.093
1280	21.361	13.636	20.734
1281	6.209	5.611	6.939
1282	24.084	14.790	24.762
1283	75.893	60.550	70.029
1284	90.344	82.834	82.132
1285	40.604	42.185	40.223
1286	133.966	183.252	135.159
1287	36.338	27.040	35.489
1288	167.655	111.061	142.856
1289	48.845	72.199	46.209
1290	38.349	33.091	37.587
1291	100.756	108.374	93.245
1292	49.523	35.782	50.782
1293	166.659	176.449	151.102
1294	40.142	31.913	40.511
1295	244.224	246.026	228.032
1296	321.460	297.743	288.366
1297	184.897	165.143	166.920
1298	245.207	138.345	227.737
1299	56.272	160.301	49.844
1300	39.863	49.505	39.426
1301	75.967	49.852	70.145
1302	70.237	66.368	68.879
1303	258.969	258.053	241.324
1304	46.642	29.223	44.493
1305	37.626	33.396	37.039
1306	30.156	21.755	28.749
1307	243.550	228.479	218.186
1308	175.108	126.035	170.986
1309	143.997	153.625	130.399
1310	18.383	23.252	17.314
1311	31.818	46.773	33.095
1312	70.162	53.504	61.859
1313	146.139	139.706	137.444
1314	96.062	109.990	88.362
1315	120.691	100.694	114.047
1316	32.181	18.624	31.078
1317	284.124	163.853	263.459
1318	130.447	111.312	120.347
1319	236.130	123.056	217.726
1320	220.088	217.758	210.325
1321	272.173	196.198	236.209
1322	38.865	44.205	36.376
1323	48.067	38.193	43.179
1324	171.708	160.110	158.651
1325	11.454	10.449	11.820
1326	64.227	68.954	60.791
1327	7.316	6.795	7.354
1328	195.108	307.395	187.922
1329	68.820	44.059	64.734
1330	106.852	58.163	95.795
1331	67.433	41.455	65.441
1332	97.696	155.268	92.486
1333	53.911	55.999	50.485
1334	100.162	140.141	99.009
1335	65.703	128.925	64.622
1336	75.215	58.974	69.929
1337	48.601	25.783	48.592
1338	228.347	215.351	211.061
1339	145.116	132.133	135.601
1340	74.812	54.462	72.474
1341	184.083	90.328	168.602
1342	14.788	11.546	15.896
1343	97.306	81.018	93.005
1344	13.984	12.114	14.739
1345	83.843	57.958	77.474
1346	43.458	35.426	41.794
1347	105.831	90.158	98.883
1348	92.151	75.680	87.670
1349	50.919	46.163	52.745
1350	54.338	32.715	53.059
1351	60.433	79.196	55.537
1352	66.990	76.402	62.995
1353	68.716	56.167	65.124
1354	33.245	29.623	32.936
1355	270.347	235.811	236.068
1356	209.128	308.268	197.409
1357	126.640	99.259	124.610
1358	126.518	147.180	117.348
1359	25.501	12.462	24.857
1360	9.806	8.223	10.306
1361	25.080	24.937	25.464
1362	664.944	255.841	613.002
1363	150.118	195.868	140.705
1364	67.415	47.282	64.963
1365	31.368	21.378	31.644
1366	176.257	126.330	160.407
1367	70.583	59.802	67.348
1368	134.004	162.016	120.667
1369	30.570	60.117	30.558
1370	46.053	67.231	46.230
1371	219.919	178.372	199.174
1372	137.170	73.234	121.522
1373	157.962	183.627	141.166
1374	284.047	570.540	267.028
1375	218.684	130.114	188.371
1376	52.514	72.788	50.888
1377	119.324	94.817	107.378
1378	19.787	24.201	20.672
1379	15.529	20.569	16.257
1380	110.678	108.666	104.798
1381	43.268	58.869	42.370
1382	155.908	122.291	142.252
1383	51.775	34.409	49.369
1384	119.683	115.056	105.210
1385	108.898	83.513	96.837
1386	11.718	14.701	12.950
1387	85.804	34.714	85.118
1388	39.366	49.538	37.313
1389	117.514	94.492	112.855
1390	196.388	219.590	181.416
1391	83.376	83.174	81.156
1392	953.616	493.085	876.154
1393	120.106	95.877	109.972
1394	53.007	27.650	52.973
1395	255.060	216.343	232.501
1396	288.534	283.553	249.288
1397	13.156	10.820	13.945
1398	38.011	39.351	37.532
1399	83.710	146.464	77.894
1400	114.755	80.200	105.828
1401	76.938	59.465	78.122
1402	31.364	27.111	31.710
1403	54.209	44.493	49.609
1404	51.994	38.335	48.747
1405	225.939	196.185	194.997
1406	350.323	467.308	315.792
1407	114.817	135.742	110.759
1408	76.252	45.934	74.526
1409	401.735	225.073	368.909
1410	15.570	13.077	15.588
1411	136.807	172.545	129.396
1412	62.932	62.995	63.717
1413	102.116	53.747	94.617
1414	45.652	38.814	45.323
1415	27.547	13.155	26.492
1416	56.125	61.371	54.200
1417	52.542	81.001	48.218
1418	93.588	76.408	87.748
1419	36.826	33.483	38.590
1420	24.062	28.925	25.033
1421	25.650	30.695	25.640
1422	57.672	41.162	52.727
1423	34.055	18.648	33.044
1424	8.105	13.718	8.197
1425	36.294	33.673	37.122
1426	221.502	200.066	210.310
1427	117.312	175.949	102.980
1428	27.122	36.987	26.451
1429	16.644	24.704	16.631
1430	7.832	4.986	8.356
1431	42.627	66.660	41.435
1432	47.006	31.780	45.182
1433	89.084	51.679	83.397
1434	95.270	69.998	92.684
1435	784.375	1134.016	638.260
1436	96.734	58.348	87.274
1437	28.026	26.759	28.796
1438	47.828	172.960	46.244
1439	63.575	40.781	58.778
1440	134.844	69.778	124.339
1441	56.099	60.303	53.616
1442	33.019	31.164	33.871
1443	79.459	66.182	68.873
1444	23.536	18.768	24.205
1445	83.064	96.236	81.496
1446	62.964	56.545	61.073
1447	20.392	36.123	21.057
1448	39.483	59.327	37.982
1449	5.430	5.699	5.899
1450	409.519	256.149	387.208
1451	56.131	75.717	54.916
1452	182.851	297.213	168.387
1453	134.152	89.594	123.416
1454	54.670	55.891	51.925
1455	45.556	62.000	41.388
1456	92.398	120.996	85.561
1457	201.140	168.577	184.419
1458	139.456	88.633	127.439
1459	57.455	35.454	53.958
1460	407.288	289.552	361.286
1461	91.905	77.080	89.066
1462	112.143	77.941	106.301
1463	104.429	90.284	100.863
1464	255.246	463.050	234.894
1465	24.758	24.553	24.814
1466	252.657	173.376	219.795
1467	90.858	74.152	90.274
1468	191.574	109.102	155.515
1469	49.696	45.704	48.371
1470	178.044	144.243	152.818
1471	208.642	204.808	184.856
1472	43.879	33.989	42.581
1473	223.903	251.952	201.922
1474	140.779	96.165	129.124
1475	25.770	21.664	25.277
1476	28.039	28.530	28.634
1477	229.286	139.789	215.097
1478	103.589	145.440	99.721
1479	9.662	12.784	9.943
1480	25.076	18.866	25.506
1481	129.421	112.775	115.313
1482	15.223	8.537	15.509
1483	85.267	67.851	78.982
1484	122.045	153.230	112.188
1485	54.729	87.903	51.034
1486	42.673	22.628	41.810
1487	61.974	54.675	60.691
1488	14.083	16.290	13.434
1489	68.526	117.497	64.563
1490	204.092	202.656	194.822
1491	123.334	75.212	102.895
1492	40.531	59.097	40.113
1493	20.841	11.706	20.897
1494	93.348	79.753	82.825
1495	265.822	298.751	250.909
1496	221.741	168.742	202.387
1497	98.645	135.787	90.165
1498	67.182	55.956	61.544
1499	45.552	47.491	43.908
1500	57.919	33.895	50.043
1501	207.083	233.555	211.768
1502	100.218	72.798	102.095
1503	286.275	267.659	264.994
1504	44.961	49.072	44.084
1505	56.765	23.954	52.377
1506	855.311	605.782	770.349
1507	53.109	51.942	52.455
1508	53.078	55.934	52.218
1509	51.156	63.204	51.934
1510	53.374	86.268	49.305
1511	193.676	156.908	182.838
1512	22.452	32.072	21.991
1513	118.782	89.229	113.131
1514	43.148	21.907	42.254
1515	36.382	25.921	36.911
1516	26.580	42.818	26.630
1517	221.880	181.255	196.923
1518	198.769	128.492	173.985
1519	67.621	62.923	66.751
1520	146.417	52.009	142.686
1521	258.518	313.373	244.412
1522	92.980	100.889	88.393
1523	39.474	21.678	36.583
1524	25.635	42.338	25.283
1525	221.353	179.381	216.127
1526	26.372	23.630	27.197
1527	149.965	93.774	136.224
1528	121.813	158.786	112.470
1529	44.372	96.585	41.299
1530	41.039	46.787	40.729
1531	73.153	40.733	69.212
1532	15.470	12.957	16.250
1533	115.545	190.487	113.121
1534	503.764	268.049	433.133
1535	131.360	145.072	121.200
1536	9.208	10.097	9.651
1537	23.055	24.143	22.879
1538	351.795	454.121	302.320
1539	147.366	136.553	147.114
1540	299.660	208.218	272.834
1541	69.397	48.741	58.970
1542	140.412	180.874	115.609
1543	21.408	23.025	19.415
1544	29.640	22.481	28.186
1545	180.232	216.296	146.854
1546	64.279	53.982	42.159
1547	27.579	32.477	25.841
1548	5.895	4.617	6.472
1549	241.029	159.797	182.916
1550	98.813	67.092	87.031
1551	85.854	98.901	75.548
1552	68.931	73.795	64.652
1553	47.529	61.327	44.090
1554	161.124	191.112	141.076
1555	28.249	26.991	26.016
1556	39.047	17.892	33.622
1557	152.937	144.589	120.339
1558	107.244	123.201	97.727
1559	106.114	108.326	97.611
1560	76.882	52.262	66.053
1561	130.608	87.355	111.590
1562	28.916	37.556	27.870
1563	16.741	10.235	15.983
1564	59.842	53.449	56.166
1565	33.200	28.733	31.462
1566	42.463	54.023	39.226
1567	54.270	32.612	50.525
1568	167.231	161.049	154.524
1569	33.766	32.182	32.920
1570	303.560	272.156	264.899
1571	144.598	94.291	141.579
1572	329.499	261.259	304.456
1573	63.045	52.809	61.827
1574	161.304	216.465	146.600
1575	51.314	49.219	50.669
1576	68.608	76.009	66.784
1577	123.006	101.381	115.165
1578	177.532	105.681	160.490
1579	587.891	625.965	519.112
1580	71.029	53.122	68.225
1581	26.395	16.563	25.777
1582	0.387	0.877	1.202
1583	71.842	92.870	66.754
1584	45.500	48.910	46.308
1585	21.831	18.313	21.563
1586	190.120	101.286	173.965
1587	101.407	100.064	98.058
1588	17.248	9.749	16.704
1589	15.430	13.973	15.243
1590	298.061	154.010	259.757
1591	63.630	78.245	62.279
1592	83.422	62.894	80.733
1593	48.612	43.209	48.621
1594	47.284	27.012	46.607
1595	248.102	246.678	228.141
1596	326.845	288.157	296.070
1597	12.642	12.613	12.994
1598	39.491	53.898	40.275
1599	49.275	59.791	46.442
1600	63.258	29.487	59.858
1601	113.885	114.795	111.314
1602	92.673	76.841	85.531
1603	127.851	94.651	121.915
1604	65.866	75.937	61.167
1605	211.780	572.424	192.525
1606	126.385	151.670	113.468
1607	23.358	21.705	22.642
1608	18.929	17.320	17.836
1609	43.653	51.358	40.701
1610	382.878	322.285	327.690
1611	96.024	114.914	88.943
1612	61.658	75.489	57.859
1613	123.113	122.391	99.855
1614	123.247	58.855	119.984
1615	105.004	108.658	103.421
1616	111.918	74.671	101.718
1617	67.209	54.009	65.082
1618	18.953	14.373	19.854
1619	78.256	56.511	77.103
1620	106.364	131.430	100.247
1621	128.177	173.287	121.511
1622	346.678	407.615	297.499
1623	8.267	8.211	8.698
1624	37.353	18.696	34.009
1625	240.606	112.440	198.215
1626	68.871	59.420	68.308
1627	61.787	61.024	60.804
1628	150.217	91.208	145.684
1629	99.386	77.001	92.040
1630	150.963	153.353	145.366
1631	143.746	163.836	134.382
1632	26.232	26.953	26.280
1633	228.594	171.977	204.372
1634	20.761	15.443	21.317
1635	113.876	118.342	104.103
1636	230.184	193.369	206.563
1637	54.015	67.148	52.966
1638	34.948	45.079	34.423
1639	110.998	105.482	104.372
1640	153.317	197.399	145.246
1641	80.958	58.427	77.136
1642	121.279	35.842	107.165
1643	229.570	267.731	223.981
1644	24.182	33.275	23.359
1645	19.524	16.322	19.063
1646	26.155	35.368	26.470
1647	42.144	26.560	41.089
1648	187.290	149.597	178.322
1649	121.732	102.409	119.374
1650	26.373	20.869	27.057
1651	82.003	90.663	77.826
1652	436.421	249.318	388.196
1653	384.175	301.502	316.650
1654	85.200	45.514	72.236
1655	211.994	207.424	172.446
1656	52.911	67.605	47.777
1657	76.145	44.699	64.185
1658	181.048	168.812	166.849
1659	165.330	180.529	151.743
1660	55.479	57.778	56.067
1661	24.632	18.524	23.568
1662	109.388	123.414	102.781
1663	154.726	120.812	144.310
1664	293.849	273.357	267.727
1665	14.156	16.416	14.585
1666	17.871	16.989	17.704
1667	171.677	94.335	160.369
1668	56.780	31.552	50.595
1669	77.441	105.758	69.438
1670	15.241	23.614	16.026
1671	173.765	69.931	174.558
1672	298.216	314.385	292.744
1673	90.857	124.146	90.960
1674	196.403	221.697	181.906
1675	37.054	38.652	35.475
1676	22.519	23.157	21.149
1677	45.457	34.624	43.393
1678	764.202	931.919	735.937
1679	340.711	345.086	323.610
1680	89.411	54.915	83.209
1681	28.197	12.274	28.493
1682	321.193	385.971	318.971
1683	272.067	272.378	240.824
1684	199.833	105.952	188.202
1685	74.645	124.689	75.080
1686	51.979	26.830	53.087
1687	98.231	169.845	95.538
1688	103.980	83.884	101.407
1689	92.372	84.334	90.912
1690	50.832	43.173	52.280
1691	31.206	29.340	30.010
1692	69.683	39.868	67.938
1693	9.822	4.615	10.438
1694	85.494	68.192	81.402
1695	101.388	208.446	87.015
1696	71.248	77.970	62.396
1697	110.990	59.146	100.230
1698	49.538	36.258	45.505
1699	86.705	57.141	77.259
1700	142.490	69.732	133.982
1701	110.954	93.100	117.490
1702	141.508	137.227	140.614
1703	164.383	392.031	164.268
1704	52.974	29.085	49.403
1705	41.647	34.622	38.136
1706	42.766	41.162	40.494
1707	85.296	37.826	73.496
1708	55.582	48.547	56.226
1709	59.995	52.144	62.263
1710	75.567	94.806	71.173
1711	102.397	103.619	95.753
1712	18.438	18.103	17.662
1713	66.447	87.309	58.107
1714	41.670	24.072	41.273
1715	93.497	37.577	75.556
1716	207.538	305.716	172.617
1717	60.724	81.568	61.272
1718	146.555	189.809	144.229
1719	4.709	5.630	5.259
1720	112.014	98.537	110.650
1721	54.264	25.317	51.557
1722	112.573	70.391	97.626
1723	56.068	37.690	51.758
1724	114.020	100.520	109.124
1725	172.881	134.508	158.077
1726	15.378	13.484	15.671
1727	135.862	105.014	127.908
1728	18.127	21.064	18.220
1729	20.421	34.806	20.798
1730	27.561	40.063	28.688
1731	75.108	47.442	73.271
1732	14.405	11.650	14.785
1733	69.450	88.769	69.990
1734	189.821	190.932	180.814
1735	202.204	210.425	188.277
1736	101.057	51.408	100.784
1737	65.318	37.076	65.024
1738	14.088	18.439	14.073
1739	994.398	1569.913	833.133
1740	257.185	289.430	225.014
1741	86.835	101.819	79.237
1742	94.766	56.277	95.049
1743	8.457	7.929	8.143
1744	51.097	50.533	46.233
1745	8.337	8.566	8.782
1746	156.190	228.210	141.580
1747	125.833	138.400	110.427
1748	137.540	91.993	112.080
1749	63.371	40.499	57.265
1750	229.448	138.510	194.409
1751	727.479	204.559	572.789
1752	105.358	86.090	89.956
1753	203.066	229.568	181.005
1754	194.053	128.174	155.426
1755	143.379	122.251	124.294
1756	163.423	126.807	149.570
1757	91.732	33.111	83.777
1758	115.320	93.887	105.543
1759	368.800	331.839	343.540
1760	320.077	199.291	290.304
1761	120.914	111.079	111.238
1762	157.602	170.829	142.675
1763	165.296	124.783	129.852
1764	34.692	36.417	34.206
1765	503.604	262.204	434.042
1766	96.838	65.711	87.832
1767	171.626	112.415	134.375
1768	139.892	141.761	121.616
1769	117.950	196.626	100.526
1770	40.423	63.705	39.880
1771	9.879	7.645	9.074
1772	90.415	108.052	79.923
1773	12.285	10.261	12.238
1774	39.210	21.255	36.348
1775	68.122	72.456	62.114
1776	244.360	338.119	220.281
1777	69.962	63.074	63.909
1778	97.847	44.789	75.337
1779	70.443	93.693	60.057
1780	66.515	60.372	57.290
1781	22.988	24.988	22.975
1782	108.021	111.256	91.802
1783	96.769	102.636	86.048
1784	76.639	109.399	69.695
1785	33.721	21.176	32.251
1786	608.069	1210.894	546.162
1787	160.565	165.896	161.099
1788	49.787	51.671	48.332
1789	60.129	35.777	59.547
1790	60.833	49.726	54.689
1791	48.009	49.811	42.291
1792	288.822	199.172	252.511
1793	17.646	21.652	18.381
1794	60.450	96.144	55.984
1795	230.948	285.040	197.154
1796	30.122	25.134	30.349
1797	63.769	77.338	62.326
1798	57.124	29.127	52.133
1799	61.366	39.581	56.340
1800	54.022	33.757	50.229
1801	27.151	24.412	35.188
1802	82.641	102.165	116.880
1803	61.927	61.307	73.183
1804	147.276	112.450	133.408
1805	91.020	172.544	92.080
1806	177.361	145.785	178.740
1807	12.986	16.528	12.383
1808	39.854	36.113	39.332
1809	55.092	73.917	50.307
1810	64.024	94.669	61.293
1811	68.864	53.327	63.238
1812	230.596	216.478	237.774
1813	68.868	46.893	68.325
1814	29.432	35.364	30.221
1815	181.048	157.262	185.353
1816	113.076	107.351	114.862
1817	119.697	87.560	116.703
1818	104.454	75.690	100.131
1819	18.977	11.411	19.166
1820	127.349	54.222	123.847
1821	101.142	94.576	106.918
1822	303.805	277.403	285.361
1823	26.938	26.593	28.669
1824	242.465	195.962	239.799
1825	865.635	584.425	732.848
1826	109.718	54.032	90.531
1827	135.647	145.605	133.164
1828	161.384	160.155	161.661
1829	213.340	208.885	213.108
1830	113.802	78.772	108.062
1831	138.163	137.389	128.372
1832	14.625	16.414	15.197
1833	175.238	183.357	172.491
1834	296.141	301.479	295.278
1835	166.602	160.632	172.790
1836	96.638	89.133	100.599
1837	21.508	20.406	21.932
1838	43.140	21.627	39.501
1839	67.994	68.784	70.223
1840	78.271	112.959	76.557
1841	161.473	141.136	141.417
1842	50.175	75.828	46.345
1843	113.063	113.772	104.729
1844	131.275	150.581	115.263
1845	17.575	16.779	17.715
1846	33.473	22.625	32.225
1847	42.117	32.201	42.860
1848	74.030	41.263	68.156
1849	148.591	217.554	145.385
1850	56.015	72.634	54.444
1851	42.687	40.787	42.240
1852	9.078	7.033	10.332
1853	50.155	40.604	47.585
1854	47.250	26.196	47.815
1855	206.507	262.225	186.021
1856	169.148	155.877	136.051
1857	26.461	27.290	27.185
1858	156.016	139.061	139.383
1859	104.405	82.327	100.311
1860	48.333	43.470	50.121
1861	59.726	75.796	58.468
1862	41.002	23.323	40.775
1863	16.368	27.063	15.661
1864	238.558	193.187	210.734
1865	28.153	25.456	30.284
1866	131.682	251.564	114.577
1867	30.416	34.452	27.576
1868	111.926	55.299	98.242
1869	48.633	25.337	46.149
1870	126.687	76.354	112.922
1871	86.418	130.156	81.415
1872	104.761	194.991	99.205
1873	23.938	19.066	23.660
1874	164.165	112.365	158.437
1875	137.636	127.133	135.722
1876	100.657	74.101	88.389
1877	86.724	56.355	79.045
1878	228.671	242.857	203.739
1879	55.303	37.336	55.461
1880	275.774	446.219	250.814
1881	32.084	23.467	31.071
1882	192.391	228.992	196.832
1883	100.529	43.701	101.083
1884	67.440	74.905	68.150
1885	59.784	51.271	59.411
1886	86.865	82.051	87.755
1887	27.195	30.225	26.271
1888	72.099	38.210	61.318
1889	161.988	122.460	141.898
1890	41.408	47.915	42.500
1891	64.411	34.450	60.016
1892	36.743	28.908	36.014
1893	61.570	79.599	58.197
1894	61.414	77.836	60.414
1895	64.457	30.517	64.179
1896	42.972	45.736	40.993
1897	183.254	67.183	153.490
1898	33.021	44.636	31.814
1899	124.663	219.303	109.633
1900	19.506	8.752	15.887
1901	123.676	110.380	113.305
1902	22.961	19.186	23.812
1903	15.661	14.644	16.031
1904	208.451	160.733	195.761
1905	390.009	279.094	357.943
1906	71.638	128.904	70.423
1907	177.387	172.289	170.530
1908	58.518	59.858	54.582
1909	148.013	44.830	113.870
1910	166.451	154.080	145.993
1911	59.967	55.308	54.750
1912	146.422	148.669	147.808
1913	187.927	147.106	164.019
1914	39.197	25.557	40.173
1915	12.487	10.498	13.173
1916	50.404	130.979	47.578
1917	160.400	114.462	180.204
1918	163.908	136.750	181.811
1919	16.843	30.464	18.715
1920	244.851	242.240	222.094
1921	108.233	75.597	102.024
1922	39.186	39.933	39.456
1923	65.084	120.629	62.604
1924	16.605	16.515	17.524
1925	17.177	19.696	17.263
1926	55.435	96.163	58.943
1927	55.246	55.361	62.523
1928	15.172	17.136	16.343
1929	23.553	20.696	24.415
1930	48.836	60.178	47.853
1931	99.185	97.847	86.883
1932	121.166	97.760	108.151
1933	39.595	32.583	36.859
1934	104.381	114.161	87.099
1935	63.882	87.825	59.970
1936	121.332	167.772	114.362
1937	97.666	68.911	94.146
1938	67.195	59.303	67.447
1939	8.325	7.112	9.085
1940	73.302	61.200	77.093
1941	94.316	47.544	94.053
1942	25.138	24.123	26.908
1943	93.852	90.931	88.669
1944	152.126	211.027	145.824
1945	61.945	47.521	58.362
1946	20.668	19.694	21.237
1947	29.736	30.384	29.473
1948	421.561	238.111	338.943
1949	53.337	52.632	49.210
1950	19.775	17.066	18.793
1951	96.244	118.909	92.694
1952	58.520	37.198	53.183
1953	575.353	635.109	504.364
1954	113.916	79.751	103.880
1955	10.720	16.803	11.717
1956	108.583	79.291	97.978
1957	52.614	30.387	49.910
1958	39.490	46.983	39.423
1959	8.974	9.214	9.515
1960	97.845	86.893	95.575
1961	120.539	127.909	127.516
1962	295.464	232.489	253.448
1963	302.671	163.447	241.869
1964	37.069	35.372	33.889
1965	43.183	34.248	42.665
1966	64.353	46.384	60.953
1967	35.285	47.446	34.202
1968	60.236	56.258	56.972
1969	60.164	59.822	55.558
1970	43.660	27.762	42.030
1971	1180.322	1224.860	1046.684
1972	21.196	18.582	21.161
1973	79.234	117.017	70.576
1974	171.698	183.625	146.782
1975	44.210	27.637	41.287
1976	58.612	53.070	50.872
1977	91.470	100.691	82.413
1978	62.714	44.472	55.484
1979	59.394	25.712	54.004
1980	11.355	6.546	11.609
1981	98.872	51.107	95.055
1982	374.400	292.587	329.739
1983	20.287	15.382	21.574
1984	115.281	68.959	147.623
1985	50.214	34.851	62.585
1986	150.583	173.830	170.514
1987	128.654	91.914	161.354
1988	57.881	44.212	72.461
1989	25.653	20.388	26.774
1990	55.391	46.713	52.139
1991	11.467	9.887	12.726
1992	7.932	6.411	9.007
1993	144.358	118.624	150.970
1994	55.424	41.130	56.685
1995	418.624	476.984	388.809
1996	8.550	7.241	9.060
1997	516.890	399.701	470.172
1998	67.940	88.528	64.344
1999	25.291	17.465	25.562
2000	58.001	74.233	56.993
